ID_core_pubs;ID_recipient;pubs_title;;;;;;;;;;;;;;;;
1;1;Perturbative triples correction to domain-based local pair natural orbital variants of Mukherjee's state specific coupled cluster method;;;;;;;;;;;;;;;;
2;1;Toward the efficient local tailored coupled cluster approximation and the peculiar case of oxo-Mn(Salen);;;;;;;;;;;;;;;;
3;1;Domain-Based Local Pair Natural Orbital Version of Mukherjee’s State-Specific Coupled Cluster Method;;;;;;;;;;;;;;;;
4;1;A MRCC study of the isomerisation of cyclopropane;;;;;;;;;;;;;;;;
5;1;Benchmark Applications of Variations of Multireference Equation of Motion Coupled-Cluster Theory;;;;;;;;;;;;;;;;
6;1;A Local Pair Natural Orbital-Based Multireference Mukherjee’s Coupled Cluster Method;;;;;;;;;;;;;;;;
7;1;Multireference Equation of Motion Coupled Cluster study of atomic excitation spectra of first-row transition metal atoms Cr, Mn, Fe and Co;;;;;;;;;;;;;;;;
8;1;Communication: Multireference equation of motion coupled cluster: A transform and diagonalize approach to electronic structure;;;;;;;;;;;;;;;;
9;1;Insight into the structure of layered zinc hydroxide salts intercalated with dodecyl sulfate anions;;;;;;;;;;;;;;;;
10;1;Additional global internal contraction in variations of multireference equation of motion coupled cluster theory;;;;;;;;;;;;;;;;
11;1;Perturbative triples correction for explicitly correlated Mukherjee's state-specific coupled cluster method;;;;;;;;;;;;;;;;
12;1;An explicitly correlated Mukherjee's state specific coupled cluster method: development and pilot applications;;;;;;;;;;;;;;;;
13;1;Multireference coupled cluster study of the oxyallyl diradical;;;;;;;;;;;;;;;;
14;1;Multireference F12 coupled cluster theory: The Brillouin-Wigner approach with single and double excitations;;;;;;;;;;;;;;;;
15;1;Multireference state-specific Mukherjee's coupled cluster method with noniterative triexcitations using uncoupled approximation;;;;;;;;;;;;;;;;
16;1;Multireference Mukherjee's coupled cluster method with triexcitations in the linked formulation: Efficient implementation and applications;;;;;;;;;;;;;;;;
17;1;Multireference R12 coupled cluster theory;;;;;;;;;;;;;;;;
18;1;Uncoupled multireference state-specific Mukherjee's coupled cluster method with triexcitations;;;;;;;;;;;;;;;;
19;1;Multireference Brillouin-Wigner coupled cluster method with singles, doubles, and triples: Efficient implementation and comparison with approximate approaches;;;;;;;;;;;;;;;;
20;1;Multireference state-specific Mukherjee's coupled cluster method with noniterative triexcitations;;;;;;;;;;;;;;;;
21;1;Multireference Brillouin-Wigner coupled clusters method with noniterative perturbative connected triples;;;;;;;;;;;;;;;;
22;1;Towards the multireference Brillouin-Wigner coupled-clusters method with iterative connected triples: MR BWCCSDT-alpha approximation;;;;;;;;;;;;;;;;
23;1;Multireference Brillouin-Wigner Coupled Cluster Singles and Doubles Study of the Singlet-Triplet Separation in Alkylcarbenes;;;;;;;;;;;;;;;;
24;1;Four-Reference State-Specific Brillouin-Wigner Coupled-Cluster Method: Study of the IBr Molecule.;;;;;;;;;;;;;;;;
25;2;Analysis of optical properties of a carbon film by spectroscopic ellipsometry - 20-1550;N;;;;;;;;;;;;;;;
26;2;Analysis of optical properties of a carbon films by spectroscopic ellipsometry - 20-1591;N;;;;;;;;;;;;;;;
27;2;Analysis of optical properties of carbon films by spectroscopic ellipsometry;N;;;;;;;;;;;;;;;
28;2;Analysis of optical properties of carbon films by spectroscopic ellipsometry 20-1163;N;;;;;;;;;;;;;;;
29;2;Analysis of phase composition of carbon films doped by tungsten by Raman spectroscopy;N;;;;;;;;;;;;;;;
30;2;Bixbyite-Ta2N2O film prepared by HiPIMS and postdeposition annealing: Structure and properties;S, P (GA19-13174S);;;;;;;;;;;;;;;
31;2;Distribution of O atoms on partially oxidized metal targets, and the consequences for reactive sputtering of individual metal oxides;I, P (GA19-14011S);;;;;;;;;;;;;;;
32;2;Extraordinary high-temperature behavior of electrically conductive Hf7B23Si22C6N40 ceramic film;P (GA17-08944S);;;;;;;;;;;;;;;
33;2;High‑performance thermochromic VO2‑based coatings with a low transition temperature deposited on glass by a scalable technique;S, P (GA17-08944S);;;;;;;;;;;;;;;
34;2;Maximum achievable N content in atom-by-atom growth of amorphous Si‒C‒N;I, P (GA19-14011S);;;;;;;;;;;;;;;
35;2;Molecular dynamics and experimental study of the growth, structure and properties of Zr–Cu films;I, P (GA19-14011S);;;;;;;;;;;;;;;
36;2;Pulsed Magnetron Sputtering of Strongly Thermochromic VO2-Based Coatings with a Transition Temperature of 22 °C onto Ultrathin Flexible Glass;R;;;;;;;;;;;;;;;
37;2;Self-organization of vapor-deposited polyolefins at the solid/vacuum interface;I;;;;;;;;;;;;;;;
38;2;Structure and properties of bixbyite-based Ta–O–N films prepared by HiPIMS;S;;;;;;;;;;;;;;;
39;2;Tunable composition and properties of Al–O–N films prepared by reactive deep oscillation magnetron sputtering;P (EF17_048/0007267);;;;;;;;;;;;;;;
40;2;Effect of annealing on structure and properties of Ta–O–N films prepared by high power impulse magnetron sputtering;P (LO1506);;;;;;;;;;;;;;;
41;2;Effect of energetic particles on pulsed magnetron sputtering of hard nanocrystalline MBCN (M = Ti, Zr, Hf) films with high electrical conductivity;P (GA17-08944S);;;;;;;;;;;;;;;
42;2;High-rate reactive high-power impulse magnetron sputtering of transparent conductive Al-doped ZnO thin films prepared at ambient temperature;P (ED2.1.00/03.0088), P (LO1506), P (LO1402);;;;;;;;;;;;;;;
43;2;Ion-flux characteristics during low-temperature (300 °C) deposition of thermochromic VO2 films using controlled reactive HiPIMS;P (GA17-08944S);;;;;;;;;;;;;;;
44;2;Maximum N content in a-CNx by ab-initio simulations;I, P (GA19-14011S);H20;3;;;;;;;;;;;;;
45;2;Significant improvement of the performance of ZrO2/V1–xWxO2/ZrO2 thermochromic coatings by utilizing a second-order interference;P (GA17-08944S);H20;2;;;;;;;;;;;;;
46;2;Tribological properties and oxidation resistance of tungsten and tungsten nitride films at temperatures up to 500 °C;P (GA16-18183S);;;;;;;;;;;;;;;
47;2;CONTROLLED REACTIVE HiPIMS – EFFECTIVE TECHNIQUE FOR LOW-TEMPERATURE DEPOSITION OF FUNCTIONAL OXIDE FILMS;P (EF17_048/0007267);;;;;;;;;;;;;;;
48;2;Enhancement of the deposition rate in reactive mid-frequency ac magnetron sputtering of hard and optically transparent ZrO2 films;P (GJ15-00859Y);;;;;;;;;;;;;;;
49;2;Improved performance of thermochromic VO2/SiO2 coatings prepared by low-temperature pulsed reactive magnetron sputtering: Prediction and experimental verification;P (GA17-08944S);;;;;;;;;;;;;;;
50;2;In-Ga-Zn-O thin films with tunable optical and electrical properties prepared by high-power impulse magnetron sputtering;P (LO1506);;;;;;;;;;;;;;;
51;2;Magnetron sputtered Hf–B–Si–C–N films with controlled electrical conductivity and optical transparency, and with ultrahigh oxidation resistance;P (GA17-08944S);;;;;;;;;;;;;;;
52;2;Properties of thermochromic VO2 films prepared by HiPIMS onto unbiased amorphous glass substrates at a low temperature of 300 °C;P (LO1506);;;;;;;;;;;;;;;
53;2;Thermal stability of structure, microstructure and enhanced properties of Zr–Ta–O films with a low and high Ta content;P (GA16-18183S);;;;;;;;;;;;;;;
54;2;Controlled reactive HiPIMS - effective technique for low-temperature (300 °C) synthesis of VO2 films with semiconductor-to-metal transition;P (GA17-08944S);H19;3;;;;;;;;;;;;;
55;2;Force field for realistic molecular dynamics simulations of TiO2 growth;P (GJ15-00859Y);;;;;;;;;;;;;;;
56;2;Characterization of thermochromic VO2 (prepared at 250 °C) in a wide temperature range by spectroscopic ellipsometry;P (LO1506);;;;;;;;;;;;;;;
57;2;Reactive high-power impulse magnetron sputtering of ZrO2 films with gradient ZrOx interlayers on pretreated steel substrates;P (GA14-03875S);;;;;;;;;;;;;;;
58;2;Relationships between the distribution of O atoms on partially oxidized metal (Al, Ag, Cu, Ti, Zr, Hf) surfaces and the adsorption energy: A density-functional theory study;P (GJ15-00859Y);;;;;;;;;;;;;;;
59;2;Strong effect of the interaction potential cut-off on the crystallinity of films grown by simulations;P (GJ15-00859Y);;;;;;;;;;;;;;;
60;2;Structure and properties of Hf-O-N films prepared by high-rate reactive HiPIMS with smoothly controlled composition;P (GA14-03875S);;;;;;;;;;;;;;;
61;2;Dependence of characteristics of MSiBCN (M = Ti, Zr, Hf) on the choice of metal element: experimental and ab-initio study;P (GJ15-00859Y);;;;;;;;;;;;;;;
62;2;Force field for realistic molecular dynamics simulations of ZrO2 growth;P (GJ15-00859Y);;;;;;;;;;;;;;;
63;2;High-rate reactive high-power impulse magnetron sputtering of hard and optically transparent HfO2 films;P (GA14-03875S);H19;3;;;;;;;;;;;;;
64;2;Microstructure of hard and optically transparent HfO2 films prepared by high-power impulse magnetron sputtering with a pulsed oxygen flow control;P (GA14-03875S);;;;;;;;;;;;;;;
65;2;Molecular dynamics study of the growth of crystalline ZrO2;P (GJ15-00859Y);;;;;;;;;;;;;;;
66;2;Thermal, mechanical and electrical properties of hard B4C, BCN, ZrBC and ZrBCN ceramics;P (GA14-03875S);;;;;;;;;;;;;;;
67;2;Ageing resistance of SiBCN ceramics;P (GA14-03875S);;;;;;;;;;;;;;;
68;2;Benefits of the controlled reactive high-power impulse magnetron sputtering of stoichiometric ZrO2 films;P (GA14-03875S);;;;;;;;;;;;;;;
69;2;Dependence of structure and properties of hard nanocrystalline conductive films MBCN (M = Ti, Zr, Hf) on the choice of metal element;P (GJ15-00859Y);;;;;;;;;;;;;;;
70;2;Effect of the Si content on the microstructure of hard, multifunctional Hf-B-Si-C films prepared by pulsed magnetron sputtering;P (GA14-03875S);;;;;;;;;;;;;;;
71;2;Thermal stability and transformation phenomena in magnetron sputtered Al-Cu-O films;P (GAP108/12/0393);;;;;;;;;;;;;;;
72;2;A study of the microstructure evolution of hard Zr-B-C-N films by high-resolution transmission electron microscopy;P (GA14-03875S);;;;;;;;;;;;;;;
73;2;Hard multifunctional Hf-B-Si-C films prepared by pulsed magnetron sputtering;P (GA14-03875S);;;;;;;;;;;;;;;
74;2;High-rate reactive high-power impulse magnetron sputtering of Ta-O-N films with tunable composition and properties;P (GA14-03875S);;;;;;;;;;;;;;;
75;2;Quantitative investigation of the role of high-energy particles in Al2O3 thin film growth: A molecular-dynamics study;P (GA14-03875S);;;;;;;;;;;;;;;
76;2;Effect of N and Zr content on structure, electronic structure and properties of ZrBCN materials: An ab-initio study;P (ED1.1.00/02.0090);;;;;;;;;;;;;;;
77;2;Pathway for a low-temperature deposition of alpha-Al2O3: A molecular-dynamics study;I;;;;;;;;;;;;;;;
78;2;Process stabilization and a significant enhancement of the deposition rate in reactive high-power impulse magnetron sputtering of ZrO2 and Ta2O5 films;P (GAP108/12/0393);;;;;;;;;;;;;;;
79;2;Pulsed reactive magnetron sputtering of high-temperature Si-B-C-N films with high optical transparency;P (GAP108/12/0393);;;;;;;;;;;;;;;
80;2;Trends in formation energies and elastic moduli of ternary and quaternary transition metal nitrides;P (GAP108/12/0393);;;;;;;;;;;;;;;
81;2;Experimental and molecular dynamics study of the growth of crystalline TiO2;I;;;;;;;;;;;;;;;
82;2;Overview of optical properties of Al2O3 films prepared by various techniques;P (ED1.1.00/02.0090), Z (MSM4977751302);;;;;;;;;;;;;;;
83;2;Stress reduction in cubic boron nitride by oxygen addition: Explanation of the mechanism by ab-initio simulations;P (ED1.1.00/02.0090), Z (MSM4977751302);;;;;;;;;;;;;;;
84;2;Ab initio modelling of complex amorphous transition-metal-based ceramics;Z (MSM4977751302);;;;;;;;;;;;;;;
85;2;Effect of nitrogen content on electronic structure and properties of SiBCN materials;Z (MSM4977751302);;;;;;;;;;;;;;;
86;2;High-Rate Reactive Deposition of Transparent Zirconium Dioxide Films Using High-Power Pulsed DC Magnetron Sputtering;P (OC10045), Z (MSM4977751302);;;;;;;;;;;;;;;
87;2;Properties of nanocrystalline Al-Cu-O films reactively sputtered by DC pulse dual magnetron;P (OC10045), Z (MSM4977751302);;;;;;;;;;;;;;;
88;2;Atom-by-atom simulations of chemical vapor deposition of nanoporous hydrogenated silicon nitride;Z (MSM4977751302);;;;;;;;;;;;;;;
89;2;SiBCN materials for high-temperature applications: Atomistic origin of electrical conductivity;Z (MSM4977751302);;;;;;;;;;;;;;;
90;2;Effect of the gas mixture composition on high-temperature behavior of magnetron sputtered Si-B-C-N coatings;Z (MSM4977751302);;;;;;;;;;;;;;;
91;2;Mechanical and optical properties of quaternary Si-B-C-N films prepared by reactive magnetron sputtering;Z (MSM4977751302);;;;;;;;;;;;;;;
92;2;Bonding statistics and electronic structure of novel Si-B-C-N materials: Ab initio calculations and experimental verification;Z (MSM4977751302);;;;;;;;;;;;;;;
93;2;Effect of implanted argon of hardness of novel magnetron sputtered Si-B-C-N materials: experiments and ab initio simulations;Z (MSM4977751302);;;;;;;;;;;;;;;
94;2;Influence of substrate bias voltage on structure and properties of hard Si-B-C-N films prepared by reactive magnetron sputtering;Z (MSM4977751302);;;;;;;;;;;;;;;
95;2;Ion-bombardment characteristics during deposition of TiN films using a grid-assisted magnetron system with enhanced plasma potential;P (ME 673), Z (MSM4977751302);;;;;;;;;;;;;;;
96;2;Novel quaternary Si-B-C-N films prepared by reactive magnetron sputtering;Z (MSM4977751302);;;;;;;;;;;;;;;
97;2;Effect of B and Si/C ratio on high-temperature stability of Si-B-C-N materials;Z (MSM4977751302);;;;;;;;;;;;;;;
98;2;New quaternary Si-B-C-N films prepared by reactive magnetron sputtering;Z (MSM4977751302);;;;;;;;;;;;;;;
99;2;The effect of argon on the structure of amorphous SiBCN materals: an experimental and ab initio study;Z (MSM4977751302);;;;;;;;;;;;;;;
100;2;Ab initio simulations of nitrogen evolution in quenched CNx and SiBCN amorphous materials;Z (MSM4977751302);;;;;;;;;;;;;;;
101;2;Characterization of grid -assisted magnetron sputtering using energy-resolved mass spectroscopy;P (ME 673), Z (MSM 235200002);;;;;;;;;;;;;;;
102;2;Reactive magnetron sputtering of hard Si-B-C-N films with a high-temperature oxidation resistance;Z (MSM4977751302);;;;;;;;;;;;;;;
103;2;Influence of substrate bias voltage on the mechanical properties of Si-B-C-N films prepared by reactive magnetron sputtering;Z (MSM 235200002);;;;;;;;;;;;;;;
104;3;A New Method for Separation of Electrons and Protons in a Space Radiation Field Developed for a Timepix3 Based Radiation Monitor;;;;;;;;;;;;;;;;
105;3;Conjugate Observations of Quasiperiodic Emissions by the Van Allen Probes Spacecraft and Ground-based Station Kannuslehto;;;;;;;;;;;;;;;;
106;3;Fine Harmonic Structure of Equatorial Noise with a Quasiperiodic Modulation;;;;;;;;;;;;;;;;
107;3;Martian Bow Shock and Magnetic Pileup Boundary Models Based on an Automated Region Identification;;;;;;;;;;;;;;;;
108;3;NWC Transmitter Effects on the Nightside Upper Ionosphere Observed by a Low-Altitude Satellite;;;;;;;;;;;;;;;;
109;3;Spatial Extent of Quasiperiodic Emissions Simultaneously Observed by Arase and Van Allen Probes on 29 November 2018;;;;;;;;;;;;;;;;
110;3;Two-Dimensional Hybrid Particle-in-Cell Simulations of Magnetosonic Waves in the Dipole Magnetic Field: On a Constant L-Shell;;;;;;;;;;;;;;;;
111;3;Two-point Observations of ULF Fluctuations in the Foreshock;;;;;;;;;;;;;;;;
112;3;Variations in the Ionospheric Peak Altitude at Mars in Response to Dust Storms: 13 Years of Observations From the Mars Express Radar Sounder;;;;;;;;;;;;;;;;
113;3;What is the Solar Wind Frame of Reference?;;;;;;;;;;;;;;;;
114;3;Whistler Mode Quasiperiodic Emissions: Contrasting Van Allen Probes and DEMETER Occurrence Rates;;;;;;;;;;;;;;;;
115;3;Dependence of Properties of Magnetospheric Line Radiation and Quasiperiodic Emissions On Solar Wind Parameters and Geomagnetic Activity;;;;;;;;;;;;;;;;
116;3;Dispersion Relation of Equatorial Noise;;;;;;;;;;;;;;;;
117;3;Equatorial Propagation of the Magnetosonic Mode Across the Plasmapause: 2-D PIC Simulations;;;;;;;;;;;;;;;;
118;3;Characterizing Average Electron Densities in the Martian Dayside Upper Ionosphere;;;;;;;;;;;;;;;;
119;3;Lightning, Contribution to Overall Whistler Mode Wave Intensities in the Plasmasphere;;;;;;;;;;;;;;;;
120;3;Magnetopause Location Under Influence of Large Solar Wind Structures;;;;;;;;;;;;;;;;
121;3;Oblique Reflections of Mars Express MARSIS Radar Signals From Ionospheric Density Structures: Raytracing Analysis;;;;;;;;;;;;;;;;
122;3;On the Influence of the Earth's Magnetic Dipole Eccentricity and Magnetospheric Ring Current on the Magnetopause Location;;;;;;;;;;;;;;;;
123;3;Quasiperiodic ELF/VLF Emissions Detected Onboard the DEMETER Spacecraft: Theoretical Analysis and Comparison With Observations;;;;;;;;;;;;;;;;
124;3;Scale-dependent Polarization of Solar Wind Velocity Fluctuations at the Inertial and Kinetic Scales;;;;;;;;;;;;;;;;
125;3;Simultaneous Observations of Quasiperiodic Emissions by Spacecraft and Ground-based Instruments;;;;;;;;;;;;;;;;
126;3;Statistical Survey of Coronal Mass Ejections and Interplanetary Type II Bursts;;;;;;;;;;;;;;;;
127;3;Statistical Survey of the Terrestrial Bow Shock Observed by the Cluster Spacecraft;;;;;;;;;;;;;;;;
128;3;VLF Emissions With Banded Structure in the 16-to 39-kHz Frequency Range Measured by a High-Latitude Ground-Based Receiver;;;;;;;;;;;;;;;;
129;3;Detailed Properties of Equatorial Noise With Quasiperiodic Modulation;;;;;;;;;;;;;;;;
130;3;Equatorial Noise With Quasiperiodic Modulation: Multipoint Observations by the Van Allen Probes Spacecraft;;;;;;;;;;;;;;;;
131;3;Influence of Interplanetary Shocks on ELF/VLF Waves Observed in the Earth's Magnetosphere;;;;;;;;;;;;;;;;
132;3;Lightning Contribution to the VLF Wave Intensity Observed by DEMETER in the Upper Ionosphere;;;;;;;;;;;;;;;;
133;3;Longitudinal Dependence of Whistler Mode Electromagnetic Waves in the Earth's Inner Magnetosphere;;;;;;;;;;;;;;;;
134;3;Mars Initial Reference Ionosphere (MIRI) Model: Updates and Validations Using MAVEN, MEX, and MRO Data Sets;;;;;;;;;;;;;;;;
135;3;Quasiperiodic Whistler Mode Emissions Observed by the Van Allen Probes Spacecratt;;;;;;;;;;;;;;;;
136;3;Selective Attenuation of Lightning-Generated Whistlers at Extralow Frequencies: DEMETER Spacecraft Observations;;;;;;;;;;;;;;;;
137;3;Shock deceleration in interplanetary coronal mass ejections (ICMEs) beyond Mercury's orbit until one AU;;;;;;;;;;;;;;;;
138;3;Whistler Influence on the Overall Very Low Frequency Wave Intensity in the Upper Ionosphere;;;;;;;;;;;;;;;;
139;3;Ionospheric Electron Densities at Mars: Comparison of Mars Express Ionospheric Sounding and MAVEN Local Measurements;;;;;;;;;;;;;;;;
140;3;Line radiation events induced by very low frequency transmitters observed by the DEMETER spacecraft;;;;;;;;;;;;;;;;
141;3;Longitudinal Dependence of the Intensity of Whistler Mode Electromagnetic Emissions;;;;;;;;;;;;;;;;
142;3;MAVEN and the total electron content of the Martian ionosphere;;;;;;;;;;;;;;;;
143;3;Observation of ionospherically reflected quasiperiodic emissions by the DEMETER spacecraft;;;;;;;;;;;;;;;;
144;3;Response of the Martian ionosphere to solar activity including SEPs and ICMEs in a two-week period starting on 25 February 2015;;;;;;;;;;;;;;;;
145;3;Conjugate observations of a remarkable quasiperiodic event by the low-altitude DEMETER spacecraft and ground-based instruments;;;;;;;;;;;;;;;;
146;3;Conjugate observations of quasiperiodic emissions by the Cluster, Van Allen Probes, and THEMIS spacecraft;;;;;;;;;;;;;;;;
147;3;DENSITY FLUCTUATIONS UPSTREAM AND DOWNSTREAM OF INTERPLANETARY SHOCKS;;;;;;;;;;;;;;;;
148;3;Empirical model of the Martian dayside ionosphere: Effects of crustal magnetic fields and solar ionizing flux at higher altitudes;;;;;;;;;;;;;;;;
149;3;Equatorial noise emissions observed by the DEMETER spacecraft during geomagnetic storms;;;;;;;;;;;;;;;;
150;3;Equatorial noise emissions with a quasiperiodic modulation observed by DEMETER at harmonics of the O+ ion gyrofrequency;;;;;;;;;;;;;;;;
151;3;Chorus and chorus-like emissions seen by the ionospheric satellite DEMETER;;;;;;;;;;;;;;;;
152;3;On improving the accuracy of electron density profiles obtained at high altitudes by the ionospheric sounder on the Mars Express spacecraft;;;;;;;;;;;;;;;;
153;3;POWER SPECTRAL DENSITY OF FLUCTUATIONS OF BULK AND THERMAL SPEEDS IN THE SOLAR WIND;;;;;;;;;;;;;;;;
154;3;Propagation of equatorial noise to low altitudes: Decoupling from the magnetosonic mode;;;;;;;;;;;;;;;;
155;3;Propagation properties of quasiperiodic VLF emissions observed by the DEMETER spacecraft;;;;;;;;;;;;;;;;
156;3;Spectral properties of the solar wind;;;;;;;;;;;;;;;;
157;3;Control of the topside Martian ionosphere by crustal magnetic fields;;;;;;;;;;;;;;;;
158;3;Dynamic properties of small-scale solar wind plasma fluctuations;;;;;;;;;;;;;;;;
159;3;Equatorial noise emissions with quasiperiodic modulation of wave intensity;;;;;;;;;;;;;;;;
160;3;Intensities and spatiotemporal variability of equatorial noise emissions observed by the Cluster spacecraft;;;;;;;;;;;;;;;;
161;3;Intensity of nightside MARSIS AIS surface reflections and implications for low-altitude ionospheric densities;;;;;;;;;;;;;;;;
162;3;Magnetospheric line radiation: 6.5 years of observations by the DEMETER spacecraft;;;;;;;;;;;;;;;;
163;3;Power line harmonic radiation observed by the DEMETER spacecraft at 50/60Hz and low harmonics;;;;;;;;;;;;;;;;
164;3;SOLAR WIND DENSITY SPECTRA AROUND THE ION SPECTRAL BREAK;;;;;;;;;;;;;;;;
165;3;Systematic analysis of occurrence of equatorial noise emissions using 10 years of data from the Cluster mission;;;;;;;;;;;;;;;;
166;3;Unexpected Very Low Frequency (VLF) Radio Events Recorded by the Ionospheric Satellite DEMETER;;;;;;;;;;;;;;;;
167;3;Very low frequency radio events with a reduced intensity observed by the low-altitude DEMETER spacecraft;;;;;;;;;;;;;;;;
168;3;Analysis of fine ELF wave structures observed poleward from the ionospheric trough by the low-altitude satellite DEMETER;;;;;;;;;;;;;;;;
169;3;Enhanced ionization of the Martian nightside ionosphere during solar energetic particle events;;;;;;;;;;;;;;;;
170;3;Change of Fourier Spectra Through Interplanetary Shocks;;;;;;;;;;;;;;;;
171;3;MARSIS observations of the Martian nightside ionosphere dependence on solar wind conditions;;;;;;;;;;;;;;;;
172;3;Multispacecraft Cluster observations of quasiperiodic emissions close to the geomagnetic equator;;;;;;;;;;;;;;;;
173;3;Statistical analysis of VLF radio emissions triggered by power line harmonic radiation and observed by the low-altitude satellite DEMETER;;;;;;;;;;;;;;;;
174;3;Statistical investigation of VLF quasiperiodic emissions measured by the DEMETER spacecraft;;;;;;;;;;;;;;;;
175;3;Additional attenuation of natural VLF electromagnetic waves observed by the DEMETER spacecraft resulting from preseismic activity;;;;;;;;;;;;;;;;
176;3;Azimuthal directions of equatorial noise propagation determined using 10 years of data from the Cluster spacecraft;;;;;;;;;;;;;;;;
177;3;Conjugate observations of quasi-periodic emissions by Cluster and DEMETER spacecraft;;;;;;;;;;;;;;;;
178;3;Quasiperiodic emissions observed by the Cluster spacecraft and their association with ULF magnetic pulsations;;;;;;;;;;;;;;;;
179;3;Attenuation of electromagnetic waves at the frequency similar to 1.7 kHz in the upper ionosphere observed by the DEMETER satellite in the vicinity of earthquakes;;;;;;;;;;;;;;;;
180;3;Detailed properties of magnetospheric line radiation events observed by the DEMETER spacecraft;;;;;;;;;;;;;;;;
181;3;Magnetospheric line radiation event observed simultaneously on board Cluster 1, Cluster 2 and DEMETER spacecraft;;;;;;;;;;;;;;;;
182;3;Spectral features of lightning-induced ion cyclotron waves at low latitudes: DEMETER observations and simulation;;;;;;;;;;;;;;;;
183;3;Areas of enhanced ionization in the deep nightside ionosphere of Mars;;;;;;;;;;;;;;;;
184;3;Statistical Analysis of Equatorial Noise Emissions as a Function of Magnetic Local Time;;;;;;;;;;;;;;;;
185;3;Influence of power line harmonic radiation on the VLF wave activity in the upper ionosphere: Is it capable to trigger new emissions?;;;;;;;;;;;;;;;;
186;3;Relationship between median intensities of electromagnetic emissions in the VLF range and lightning activity;;;;;;;;;;;;;;;;
187;3;Advances in Plasmaspheric Wave Research with CLUSTER and IMAGE Observations;;;;;;;;;;;;;;;;
188;3;Conjugate observations on board a satellite and on the ground of a remarkable MLR-like event;;;;;;;;;;;;;;;;
189;3;Conjugate observations on board a satellite and on the ground of a remarkable MLR-like event(Art. No. L22103);;;;;;;;;;;;;;;;
190;3;Decrease of intensity of ELF/VLF waves observed in the upper ionosphere close to earthquakes: A statistical study;;;;;;;;;;;;;;;;
191;3;Decrease of intensity of ELF/VLF waves observed in the upper ionosphere close to earthquakes: A statistical study (Art. No, A04303);;;;;;;;;;;;;;;;
192;3;MLR events and associated triggered emissions observed by DEMETER;;;;;;;;;;;;;;;;
193;3;Survey of magnetospheric line radiation events observed by the DEMETER spacecraft;;;;;;;;;;;;;;;;
194;3;Survey of magnetospheric line radiation events observed by the DEMETER spacecraft (Art. No. A05203);;;;;;;;;;;;;;;;
195;3;Possible Seismic Influence on VLF Wave Intensity: Observations by a Low-Altitude Satellite;;;;;;;;;;;;;;;;
196;3;Possible seismic influence on VLF wave intensity: observations by a low-altitude satellite;;;;;;;;;;;;;;;;
197;3;Power line harmonic radiation observed by satellite: Properties and propagation through the ionosphere,(Art.No. A08317);;;;;;;;;;;;;;;;
198;3;Spacecraft observations of electromagnetic perturbations connected with seismic activity (Art.No.:L05109);;;;;;;;;;;;;;;;
199;3;Comparison of magnetospheric line radiation and power line harmonic radiation: A systematic survey using the DEMETER spacecraft (Art. No. A04301 );;;;;;;;;;;;;;;;
200;3;On the Origin of Magnetospheric Line Radiation;;;;;;;;;;;;;;;;
201;3;Power line harmonic radiation: A systematic study using DEMETER spacecraft;;;;;;;;;;;;;;;;
202;3;Simultaneous observation on board a satellite and on the ground of large-scale magnetospheric line radiation(Art. No. L19102 );;;;;;;;;;;;;;;;
203;3;Analysis methods for multi-component wave measurements on board the DEMETER spacecraft;;;;;;;;;;;;;;;;
204;3;Equatorial noise: Statistical study of its localization and the derived number density;;;;;;;;;;;;;;;;
205;3;Power line harmonic radiation (PLHR) observed by the DEMETER spacecraft (Article No. A04308);;;;;;;;;;;;;;;;
206;4;Glucose-Induced Expression of DAPIT in Pancreatic beta-Cells;;;;;;;;;;;;;;;;
207;4;Mitochondrial Superoxide Production Decreases on Glucose-Stimulated Insulin Secretion in Pancreatic beta Cells Due to Decreasing Mitochondrial Matrix NADH/NAD(+) Ratio;;;;;;;;;;;;;;;;
208;4;Overexpression of native IF1 downregulates glucose-stimulated insulin secretion by pancreatic INS-1E cells;;;;;;;;;;;;;;;;
209;4;Dynamic of mitochondrial network, cristae, and mitochondrial nucleoids in pancreatic beta-cells;;;;;;;;;;;;;;;;
210;4;Mitochondrial cristae narrowing upon higher 2-oxoglutarate load;;;;;;;;;;;;;;;;
211;4;3D super-resolution microscopy reflects mitochondrial cristae alternations and mtDNA nucleoid size and distribution;;;;;;;;;;;;;;;;
212;4;Regulation of glucose-stimulated insulin secretion by ATPase Inhibitory Factor 1 (IF1);;;;;;;;;;;;;;;;
213;4;Nkx6.1 decline accompanies mitochondrial DNA reduction but subtle nucleoid size decrease in pancreatic islet beta-cells of diabetic Goto Kakizaki rats;;;;;;;;;;;;;;;;
214;4;Hypoxic HepG2 cell adaptation decreases ATP synthase dimers and ATP production in inflated cristae by mitofilin down-regulation concomitant to MICOS clustering;;;;;;;;;;;;;;;;
215;4;Coupled aggregation of mitochondrial single-strand DNA-binding protein tagged with Eos fluorescent protein visualizes synchronized activity of mitochondrial nucleoids;;;;;;;;;;;;;;;;
216;4;Distribution of mitochondrial DNA nucleoids inside the linear tubules vs. bulk parts of mitochondrial network as visualized by 4Pi microscopy;;;;;;;;;;;;;;;;
217;4;H2O2-Activated Mitochondrial Phospholipase iPLA2 gamma Prevents Lipotoxic Oxidative Stress in Synergy with UCP2, Amplifies Signaling via G-Protein-Coupled Receptor GPR40, and Regulates Insulin Secretion in Pancreatic beta-Cells;;;;;;;;;;;;;;;;
218;4;Antioxidant and regulatory role of mitochondrial uncoupling protein UCP2 in pancreatic beta-cells;;;;;;;;;;;;;;;;
219;4;Distribution of mitochondrial nucleoids upon mitochondrial network fragmentation and network reintegration in HEPG2 cells;;;;;;;;;;;;;;;;
220;4;Redox Homeostasis in Pancreatic beta Cells;;;;;;;;;;;;;;;;
221;4;Sample drift correction in 3D fluorescence photoactivation localization microscopy;;;;;;;;;;;;;;;;
222;4;4Pi microscopy reveals an impaired three-dimensional mitochondrial network of pancreatic islet beta-cells, an experimental model of type-2 diabetes;;;;;;;;;;;;;;;;
223;4;Fluorescent in situ hybridization of mitochondrial DNA and RNA;;;;;;;;;;;;;;;;
224;4;Mitochondrial Complex I superoxide production is attenuated by uncoupling;;;;;;;;;;;;;;;;
225;4;Oxidative stress caused by blocking of mitochondrial Complex I Hplus pumping as a link in aging/disease vicious cycle;;;;;;;;;;;;;;;;
226;4;Certain aspects of uncoupling due to mitochondrial uncoupling proteins in vitro and in vivo;;;;;;;;;;;;;;;;
227;4;Recruitment of mitochondrial uncoupling protein UCP2 after lipopolysaccharide induction;;;;;;;;;;;;;;;;
228;5;Emerging helminthiases of song thrush (Turdus philomelos) in Central Europe;;;;;;;;;;;;;;https://doi.org/10.1007/s00436-020-06911-0;V;
229;5;Experimental confirmation of empty snail shells as limiting resources for specialized bees and wasps;;;;;;;;;;;;;;https://doi.org/10.1016/j.ecoleng.2019.105640;V;
230;5;Habitat requirements of wetland bees and wasps: several reed-associated species still rely on peaty meadows and other increasingly rare wetland habitats;;;;;;;;;;;;;;https://doi.org/10.1007/s11273-020-09758-5;V;
231;5;Identification of a previously overlooked anthropogenic habitat that attracts diverse assemblages of threatened bees and wasps;;;;;;;;;;;;;;https://doi.org/10.1016/j.ecoleng.2020.105759;V;
232;5;Metformin Treatment for Diabetes Mellitus Correlates with Progression and Survival in Colorectal Carcinoma;;;;;;;;;;;;;;https://doi.org/10.1016/j.tranon.2019.10.011;I, S;
233;5;Near-natural habitats near almond orchards with presence of empty gastropod shells are important for solitary shell-nesting bees and wasps;;;;;;;;;;;;;;https://doi.org/10.1016/j.agee.2020.106949;V;
234;5;Neonicotinoid insecticides hinder the pupation and metamorphosis into adults in a crabronid wasp;;;;;;;;;;;;;;https://doi.org/10.1038/s41598-020-63958-w;V;
235;5;Neonicotinoids suppress contact chemoreception in a common farmland spider;;;;;;;;;;;;;;https://www.nature.com/articles/s41598-020-63955-z.pdf;P (LTAUSA18171);
236;5;Paraphyly of Conodiplostomum Dubois, 1937;;;;;;;;;;;;;;https://doi.org/10.1016/j.parint.2019.102033;I;
237;5;Peroral administration of beauverolides allows their transport into the peripheral blood and urine;;;;;;;;;;;;;;https://doi.org/10.1080/19476337.2020.1809525;P (NV15-32432A);
238;5;Rapid methods for the separation of natural mixtures of beauverolides, cholesterol acyltransferase inhibitors, isolated from the fungus Isaria fumosorosea;;;;;;;;;;;;;;https://doi.org/10.1002/jssc.201901084;I, P (GA17-12648S);
239;5;Systemic collapse of a host-parasite trematode network associated with wetland birds in Europe;;;;;;;;;;;;;;https://doi.org/10.1007/s00436-020-06624-4;I;
240;5;Taxonomic comments on the validity of Echinostoma miyagawai Ischii, 1932 (Trematoda: Echinostomatidae);;;;;;;;;;;;;;https://doi.org/10.1016/j.parint.2019.101931;V;
241;5;Air sac trematodes: Morishitium polonicum as a newly identified cause of death in the common blackbird (Turdus merula);;;;;;;;;;;;;;https://doi.org/10.1016/j.ijppaw.2019.03.021;V;
242;5;Autoantibodies against ZnT8 are rare in Central-European LADA patients and absent in MODY patients, including those positive for other autoantibodies;;;;;;;;;;;;;;https://doi.org/10.1016/j.jdiacomp.2018.10.004;P (GJ15-03834Y);
243;5;Beauveriolide M (beauverolide M), >98 %;;;;Biology Centre, Czech Academy of Sciences, v.v.i. + Univerzita Karlova, 3. lékařská fakulta;;A;Beauveriolide M (beauverolide M), &gt;98%;;Kontakt na řešitele projektu Dr. P. Heneberg, 3LF UK T: +420 267 102 914 M: +420 775 311 177 e-mail: petr.heneberg@lf3.cuni.cz Kontakt na osoby odpovědné za komerční využití: Kontaktní osoba za autory funkčního vzorku Ing. Petr Maršík Vedoucí Úseku transferu technologií Biologické centrum AV ČR, v. v. i. THS – Úsek transferu technologií Branišovská 1160/31 370 05 České Budějovice T: +420 387 775 060 M: +420 777 468 681 www.bc.cas.cz Kontaktní osoba za odběratele Mr. Michael Schaeffler Cfm Oskar Tropitzsch GmbH Waldershofer Str. 49-51 95615 Marktredwitz, Germany Phone: +49-(0)9231-9619-30 Fax: +49-(0)9231-9619-60 Email: michael.schaeffler@cfmot.de Homepage: http://www.cfmot.de, Dohodnutý celkový podíl 3.LF UK 50%, celkový podíl BC AV ČR 50%.;B;60077344;CZ;A;;P (NV15-32432A)
244;5;Beauverolides and beauveriolides - from the use in traditional Chinese medicine to the sterol O-acyltransferase inhibition;;;;;;;;;;;;;;http://www.tigis.cz/images/stories/DMEV/2019/DMEV_3_2019/DMEV_3_2019_heneberg.pdf;P (NV15-32432A);
245;5;"Comment on Mulukutla et al. Autoantibodies to the IA-2 Extracellular Domain Refine the Definition of ""A+"" Subtypes of Ketosis-Prone Diabetes. Diabetes Care 2018,41:2637-2640";;;;;;;;;;;;;;https://doi.org/10.2337/dc19-0022;I;
246;5;Contact application of neonicotinoids suppresses the predation rate in different densities of prey and induces paralysis of common farmland spiders;;;;;;;;;;;;;;https://www.nature.com/articles/s41598-019-42258-y.pdf;P (GA17-10976S);
247;5;First evidence of changes in enzyme kinetics and stability of the glucokinase affected by somatic cancer-associated variations;;;;;;;;;;;;;;https://doi.org/10.1016/j.bbapap.2018.12.008;P (GJ15-03834Y);
248;5;Grazing as a conservation management approach leads to a reduction in spider species richness and abundance in acidophilous steppic grasslands on andesite bedrock;;;;;;;;;;;;;;https://doi.org/10.1007/s10841-019-00163-9;V;
249;5;Helminth endoparasites of the smooth newt Lissotriton vulgaris: linking morphological identification and molecular data;;;;;;;;;;;;;;https://doi.org/10.1017/S0022149X18000184;V;
250;5;Characterization of the complete mitochondrial genome of Uvitellina sp., representative of the family Cyclocoelidae and phylogenetic implications;;;;;;;;;;;;;;https://doi.org/10.1007/s00436-019-06358-y;N;
251;5;Identification of alkaline pH optimum of human glucokinase because of ATP-mediated bias correction in outcomes of enzyme assays;;;;;;;;;;;;;;https://doi.org/10.1038/s41598-019-47883-1;P (GJ15-03834Y);
252;5;Massive infection of a song thrush by Mesocestoides sp. (Cestoda) tetrathyridia that genetically match acephalic metacestodes causing lethal peritoneal larval cestodiasis in domesticated mammals;;;;;;;;;;;;;;https://doi.org/10.1186/s13071-019-3480-1;V;
253;5;Neonicotinoid insecticides limit the potential of spiders to re-colonize disturbed agroecosystems when using silk-mediated dispersal;;;;;;;;;;;;;;https://www.nature.com/articles/s41598-019-48729-6.pdf;P (GA17-10976S);
254;5;Prey contaminated with neonicotinoids induces feeding deterrent behavior of a common farmland spider;;;;;;;;;;;;;;https://www.nature.com/articles/s41598-019-52302-6.pdf;P (GA17-10976S);
255;5;Redox regulation of hexokinases;;;;;;;;;;;;;;https://doi.org/10.1089/ars.2017.7255;P (GJ15-03834Y);
256;5;Refinement of evolutionary medicine predictions based on clinical evidence for the manifestations of Mendelian diseases;;;;;;;;;;;;;;https://doi.org/10.1038/s41598-019-54976-4;P (GJ15-03834Y);
257;5;The effects of contact exposure to azole fungicides on insect metamorphosis;;;;;;;;;;;;;;https://doi.org/10.1016/j.cropro.2019.03.012;V;
258;5;The presence of high numbers of empty shells in anthropogenic habitats is insufficient to attract shell adopters among the insects;;;;;;;;;;;;;;https://doi.org/10.1111/icad.12335;V;
259;5;The troubles of high-profile open access megajournals;;;;;;;;;;;;;;https://doi.org/10.1007/s11192-019-03144-6;I;
260;5;Tiny fragments of acidophilous steppic grasslands serve as yet unknown habitats of endangered aeolian sand specialists among Aculeata (Hymenoptera);;;;;;;;;;;;;;https://doi.org/10.1007/s10531-018-1646-3;V;
261;5;Unconventional support for a raptorial niche division between Australaves and Afroaves: The distribution of helminths;;;;;;;;;;;;;;https://doi.org/10.1016/j.parint.2019.101946;V;
262;5;Unveiled feather microcosm: feather microbiota of passerine birds is closely associated with host species identity and bacteriocin-producing bacteria;;;;;;;;;;;;;;https://doi.org/10.1038/s41396-019-0438-4;V;
263;5;Updates on the surface antigens of basophils: CD16 on basophils of patients with respiratory or insect venom allergy and the rejection of CD203c and CD63 externalization decoupling by bisindolylmaleimides;;;;;;;;;;;;;;https://doi.org/10.1111/cea.13288;I, S;
264;5;Urticating setae of tarantulas (Araneae: Theraphosidae): Morphology, revision of typology and terminology and implications for taxonomy;;;;;;;;;;;;;;https://doi.org/10.1371/journal.pone.0224384;V;
265;5;An outbreak of philophthalmosis in Larus michahellis and Larus fuscus gulls in Iberian Peninsula;;;;;;;;;;;;;;https://doi.org/10.1016/j.parint.2017.12.007;V;
266;5;Autoimmunity-Associated PTPN22 Polymorphisms in Latent Autoimmune Diabetes of the Adult Differ from Those of Type 1 Diabetes Patients;;;;;;;;;;;;;;https://doi.org/10.1159/000489225;I, S, P (GJ15-03834Y);
267;5;Beauveriolide F (beauverolide F), >98 %;;;;Biology Centre, Czech Academy of Sciences, v.v.i.;;A;Beauveriolid F, &gt;98%;;Kontakt na řešitele projektu Dr. P. Heneberg, 3LF UK T: +420 267 102 914 M: +420 775 311 177 e-mail: petr.heneberg@lf3.cuni.cz Kontakt na osoby odpovědné za komerční využití: Kontaktní osoba za autory funkčního vzorku Ing. Petr Maršík Vedoucí Úseku transferu technologií Biologické centrum AV ČR, v. v. i. THS – Úsek transferu technologií Branišovská 1160/31 370 05 České Budějovice T: +420 387 775 060 M: +420 777 468 681 www.bc.cas.cz Kontaktní osoba za odběratele Mr. Michael Schaeffler Cfm Oskar Tropitzsch GmbH Waldershofer Str. 49-51 95615 Marktredwitz, Germany Phone: +49-(0)9231-9619-30 Fax: +49-(0)9231-9619-60 Email: michael.schaeffler@cfmot.de Homepage: http://www.cfmot.de;B;60077344;CZ;A;;P (NV15-32432A)
268;5;Benzimidazole fungicides are detrimental to common farmland ants;;;;;;;;;;;;;;https://doi.org/10.1016/j.biocon.2018.03.004;I;
269;5;Central European Strigeidae Railliet, 1919 (Trematoda: Strigeidida): Molecular and comparative morphological analysis suggests the reclassification of Parastrigea robusta Szidat, 1928 into Strigea Abildgaard, 1790;;;;;;;;;;;;;;https://doi.org/10.1016/j.parint.2018.07.003;I;
270;5;Description of mature larvae and ecological notes on Gasteruption Latreille (Hymenoptera, Evanioidea, Gasteruptiidae) parasitizing hymenopterans nesting in reed galls;;;;;;;;;;;;;;https://doi.org/10.3897/jhr.65.26645;V;
271;5;Effects of uncut hay meadow strips on spiders;;;;;;;;;;;;;;https://doi.org/10.2478/s11756-018-0015-8;V;
272;5;Electrophoretic large volume sample stacking for sensitive determination of the anti-microbial agent pentamidine in rat plasma for pharmacological studies;;;;;;;;;;;;;;https://doi.org/10.1002/elps.201700440;I, P (GA17-12648S), P (GJ15-03834Y);
273;5;First evidence of the formation of secondary strongholds of threatened epigeic spiders (Araneae) in oligotrophic anthropogenic wetlands that form in sand pits and gravel-sand pits;;;;;;;;;;;;;;https://doi.org/10.1016/j.ecoleng.2018.05.025;V;
274;5;Habitat selection by threatened burrowing spiders (Araneae: Atypidae, Eresidae) of central Europe: evidence base for conservation management;;;;;;;;;;;;;;https://doi.org/10.1007/s10841-018-0048-x;V;
275;5;Isolated populations of Ixodes lividus ticks in the Czech Republic and Belgium host genetically homogeneous Rickettsia vini;;;;;;;;;;;;;;https://doi.org/10.1016/j.ttbdis.2017.12.018;V;
276;5;New type of progressive provisioning as a characteristic parental behaviour of the crabronid wasp Pemphredon fabricii (Hymenoptera Crabronidae);;;;;;;;;;;;;;https://doi.org/10.1080/03949370.2017.1323801;V;
277;5;"Numerous drift sand ""specialists"" among bees and wasps (Hymenoptera: Aculeata) nest in wetlands that spontaneously form de novo in arable fields";;;;;;;;;;;;;;https://doi.org/10.1016/j.ecoleng.2018.04.007;V;
278;5;Spider assemblages in bird burrows;;;;;;;;;;;;;;https://doi.org/10.2478/s11756-018-0036-3;V;
279;5;Central European parasitic flatworms of the Cyclocoelidae Stossich, 1902 (Trematoda: Plagiorchiida): molecular and comparative morphological analysis suggests the reclassification of Cyclocoelum obscurum (Leidy, 1887) into the Harrahium Witenberg, 1926;;;;;;;;;;;;;;;I;
280;5;Common reed (Phragmites australis) gall as the limiting nesting resource of rare wetland bees and wasps (Hymenoptera: Aculeata & Evanioidea) in Central Europe;;;;;;;;;;;;;;;V;
281;5;Evidence-based tailoring of bioinformatics approaches to optimize methods that predict the effects of nonsynonymous amino acid substitutions in glucokinase;;;;;;;;;;;;;;;I, S, P (GJ15-03834Y);
282;5;Hepatocyte nuclear factors and diabetes mellitus;;;;;;;;;;;;;;http://www.tigis.cz/images/stories/DMEV/2017/03/DMEV_Clanek_3_2017_Urbanova.pdf;I, S, P (GJ15-03834Y);
283;5;Larvae and Nests of Aculeate Hymenoptera (Hymenoptera: Aculeata) Nesting in Reed Galls Induced by Lipara spp. (Diptera: Chloropidae) with a Review of Species Recorded. Part II;;;;;;;;;;;;;;;V;
284;5;An insect hatchery;30880;CZ001;01.08.2017;Univerzita Hradec Králové, Univerzita Karlova;B;A;;;;;;;Z;https://isdv.upv.cz/doc/FullFiles/UtilityModels/FullDocuments/FDUM0030/uv030880.pdf;V;
285;5;Limited overlap of the community of bees and wasps (Hymenoptera: Aculeata) nesting in reed galls with those nesting in other cavities;;;;;;;;;;;;;;;V;
286;5;Migrastatics - Anti-metastatic and Anti-invasion Drugs: Promises and Challenges;;;;;;;;;;;;;;https://doi.org/10.1016/j.trecan.2017.04.008;I;
287;5;Morphological and Molecular Assessment of Pentastomes from Gulls in Portugal;;;;;;;;;;;;;;;S;
288;5;Rejection of the synonymization of Pegosomum saginatum (Ratz, 1898) Ratz, 1903 with Pegosomum asperum (Wright, 1879) Ratz, 1903;;;;;;;;;;;;;;;I;
289;5;Roadside verges can support spontaneous establishment of steppe-like habitats hosting diverse assemblages of bees and wasps (Hymenoptera: Aculeata) in an intensively cultivated central European landscape;;;;;;;;;;;;;;;I;
290;5;Assemblage of filamentous fungi associated with aculeate hymenopteran brood in reed galls;;;;;;;;;;;;;;;P (NV15-32432A);
291;5;Beauveriolide I (beauverolide I), 98 %;;;;Biology Centre, Czech Academy of Sciences, v.v.i.;;A;Beauverolid I, 98%;;Kontakt na řešitele projektu Dr. P. Heneberg, 3LF UK T: +420 267 102 914 M: +420 775 311 177 e-mail: petr.heneberg@lf3.cuni.cz Kontakt na osoby odpovědné za komerční využití: Kontaktní osoba za autory funkčního vzorku Ing. Petr Maršík Vedoucí Úseku transferu technologií Biologické centrum AV ČR, v. v. i. THS – Úsek transferu technologií Branišovská 1160/31 370 05 České Budějovice T: +420 387 775 060 M: +420 777 468 681 www.bc.cas.cz Kontaktní osoba za odběratele Mr. Michael Schaeffler Cfm Oskar Tropitzsch GmbH Waldershofer Str. 49-51 95615 Marktredwitz, Germany Phone: +49-(0)9231-9619-30 Fax: +49-(0)9231-9619-60 Email: michael.schaeffler@cfmot.de Homepage: http://www.cfmot.de;B;60077344;CZ;A;;P (NV15-32432A);
292;5;Central European parasitic flatworms of the family Renicolidae Dollfus, 1939 (Trematoda: Plagiorchiida): molecular and comparative morphological analysis rejects the synonymization of Renicola pinguis complex suggested by Odening;;;;;;;;;;;;;;;I;
293;5;Conservation of the Red Kite Milvus milvus (Aves: Accipitriformes) Is Not Affected by the Establishment of a Broad Hybrid Zone with the Black Kite Milvus migrans migrans in Central Europe;;;;;;;;;;;;;;;I;
294;5;Distribution and molecular phylogeny of biliary trematodes (Opisthorchiidae) infecting native Lutra lutra and alien Neovison vison across Europe;;;;;;;;;;;;;;;N;
295;5;From Excessive Journal Self-Cites to Citation Stacking: Analysis of Journal Self-Citation Kinetics in Search for Journals, Which Boost Their Scientometric Indicators;;;;;;;;;;;;;;;I;
296;5;Industrial and post-industrial habitats serve as critical refugia for pioneer species of newly identified arthropod assemblages associated with reed galls;;;;;;;;;;;;;;;V;
297;5;Integrative taxonomy of European parasitic flatworms of the genus Metorchis Looss, 1899 (Trematoda: Opisthorchiidae);;;;;;;;;;;;;;;I;
298;5;Molecular and comparative morphological analysis of central European parasitic flatworms of the superfamily Brachylaimoidea Allison, 1943 (Trematoda: Plagiorchiida);;;;;;;;;;;;;;;I;
299;5;Off-road motorcycle circuits support long-term persistence of bees and wasps (Hymenoptera: Aculeata) of open landscape at newly formed refugia within otherwise afforested temperate landscape;;;;;;;;;;;;;;;I;
300;5;On Otis tarda and Marquis de Sade: what motivates male Great Bustards to consume Blister Beetles (Meloidae)?;;;;;;;;;;;;;;;I;
301;5;Opportunistic Infections in HIV-Infected Patients Differ Strongly in Frequencies and Spectra between Patients with Low CD4+ Cell Counts Examined Postmortem and Compensated Patients Examined Antemortem Irrespective of the HAART Era;;;;;;;;;;;;;;;I, S, P (GJ15-03834Y);
302;5;Paracrine tumor signaling induces transdifferentiation of surrounding fibroblasts;;;;;;;;;;;;;;;P (NV15-32432A);
303;5;Succession of arthropods on xerothermophilous habitats formed bysand quarrying: Epigeic beetles (Coleoptera) and orthopteroids (Orthoptera, Dermaptera and Blattodea);;;;;;;;;;;;;;;I;
304;5;Assessing the carcinogenic potential of low-dose exposures to chemical mixtures in the environment: the challenge ahead;;;;;;;;;;;;;;;I, P (GAP301/12/1686), P (GJ15-03834Y);
305;5;Benomyl treatment decreases fecundity of ant queens;;;;;;;;;;;;;;;I;
306;5;Cancer prevention and therapy through the modulation of the tumor microenvironment;;;;;;;;;;;;;;;I, P (GAP301/12/1686);
307;5;Composition, structure and pattern of helminth assemblages associated with central European herons (Ardeidae);;;;;;;;;;;;;;;I;
308;5;Composition, structure and pattern of helminth assemblages associated with central European storks (Ciconiidae);;;;;;;;;;;;;;;I;
309;5;Designing a broad-spectrum integrative approach for cancer prevention and treatment;;;;;;;;;;;;;;;I, P (GAP301/12/1686), P (GJ15-03834Y);
310;5;Forgotten role of fires in Central European forests: critical importance of early post-fire successional stages for bees and wasps (Hymenoptera: Aculeata);;;;;;;;;;;;;;;I;
311;5;Half-Life of Sulfonylureas in HNF1A and HNF4A Human MODY Patients is not Prolonged as Suggested by the Mouse Hnf1a(-/-) Model;;;;;;;;;;;;;;;I, S, P (GJ15-03834Y);
312;5;Host specificity and seasonality of helminth component communities in central European grebes (Podicipediformes) and loons (Gaviiformes);;;;;;;;;;;;;;;V;
313;5;Identification of a novel stress regulated FERM domain containing cytosolic protein having PTP activity in Setaria cervi, a bovine filarial parasite;;;;;;;;;;;;;;;I;
314;5;Integrative taxonomy of central European parasitic flatworms of the family Prosthogonimidae Lühe, 1909 (Trematoda: Plagiorchiida);;;;;;;;;;;;;;;I;
315;5;Intermediate hosts of the trematode Collyriclum faba (Plagiochiida: Collyriclidae) identified by an integrated morphological and genetic approach;;;;;;;;;;;;;;;I;
316;5;Stone quarries;;;;;;;;;;;;;;http://www.calla.cz/piskovny/wordpress/wp-content/uploads/sbornik_internet.pdf;V;
317;5;Larvae and Nests of Six Aculeate Hymenoptera (Hymenoptera: Aculeata) Nesting in Reed Galls Induced by Lipara spp. (Diptera: Chloropidae) with a Review of Species Recorded;;;;;;;;;;;;;;;S;
318;5;Low Frequencies of Autoimmunity-Associated PTPN22 Polymorphisms in MODY Patients, Including Those Transiently Expressing Islet Cell Autoantibodies;;;;;;;;;;;;;;;I, P (GAP301/12/1686), P (GJ15-03834Y);
319;5;Pimecrolimus Is a Potent Inhibitor of Allergic Reactions to Hymenopteran Venom Extracts and Birch Pollen Allergen In Vitro;;;;;;;;;;;;;;;P (NV15-32432A);
320;5;Sand pits and gravel-sand pits;;;;;;;;;;;;;;http://www.calla.cz/piskovny/wordpress/wp-content/uploads/sbornik_internet.pdf;V;
321;5;Red List of Czech spiders: 3rd edition, adjusted according to evidence-based national conservation priorities;;;;;;;;;;;;;;;V;
322;5;The effect of environmental chemicals on the tumor microenvironment;;;;;;;;;;;;;;;I, P (GAP301/12/1686);
323;5;Active chi-like sequences are present in the ITS1 region of polyembryonic adult Collyriclum faba trematodes encysted in pairs;;;;;;;;;;;;;;;I, S;
324;5;Conservation status of the only representative of infraorder Mygalomorphae (Araneae) in cultivated regions of Central Europe;;;;;;;;;;;;;;;V;
325;5;Dry sandpits and gravel-sandpits serve as key refuges for endangered epigeic spiders (Araneae) and harvestmen (Opiliones) of Central European steppes aeolian sands;;;;;;;;;;;;;;;I;
326;5;Energy expenditure of hunter-gatherers: when statistics turns to be unreliable;;;;;;;;;;;;;;;I, P (GAP301/12/1686);
327;5;Factors leading to damage and destruction of beta-cells of langerhans islands of pancreas;;;;;;;;;;;;;;;I;
328;5;Factors leading to damage and destruction of beta-cells of langerhans islands of pancreas;;;;;;;;;;;;;;;I;
329;5;Focal Philophthalmus gralli infection possibly persists in Melanoides tuberculata over two years following the definitive hosts' removal;;;;;;;;;;;;;;;I, S;
330;5;Integrative taxonomy and evolutionary history of a newly revealed spider Dysdera ninnii complex (Araneae: Dysderidae);;;;;;;;;;;;;;;I;
331;5;Loess and Bee-Eaters II: The 'loess' of North Africa and the nesting behaviour of the Northern Carmine Bee-Eater (Merops nubicus Gmelin 1788);;;;;;;;;;;;;;;V;
332;5;Parallel Worlds of Citable Documents and Others: Inflated Commissioned Opinion Articles Enhance Scientometric Indicators;;;;;;;;;;;;;;;I, P (GAP301/12/1686);
333;5;Positivity for islet cell autoantibodies in patients with monogenic diabetes is associated with later diabetes onset and higher HbA1c level;;;;;;;;;;;;;;;I, P (GAP301/12/1686);
334;5;Presence of ecto-protein tyrosine phosphatase activity is vital for survival of Setaria cervi, a bovine filarial parasite;;;;;;;;;;;;;;;N;
335;5;Reactive nitrogen species and hydrogen sulfide as regulators of protein tyrosine phosphatase activity;;;;;;;;;;;;;;;I, P (GAP301/12/1686);
336;5;Reed galls serve as an underestimated but critically important resource for an assemblage of aculeate hymenopterans;;;;;;;;;;;;;;;I;
337;5;To enrich or not to enrich? Are there any benefits of using multiple colors of pan traps when sampling aculeate Hymenoptera?;;;;;;;;;;;;;;;I;
338;5;Burrowing bird's decline driven by EIA over-use;;;;;;;;;;;;;;;I;
339;5;Czech Ethanol-Free Propolis Extract Displays Inhibitory Activity against a Broad Spectrum of Bacterial and Fungal Pathogens;;;;;;;;;;;;;;;I, P (GAP301/12/1686);
340;5;Decision making in burrowing birds: Sediment properties in conflict with biological variables;;;;;;;;;;;;;;;I;
341;5;Effects of print publication lag in dual format journals on scientometric indicators;;;;;;;;;;;;;;;I;
342;5;Eye trematode infection in small passerines in Peru caused by Philophthalmus lucipetus, an agent with a zoonotic potential spread by an invasive freshwater snail;;;;;;;;;;;;;;;I, P (GAP301/12/1686);
343;5;Lifting the fog of scientometric research artifacts: On the scientometric analysis of environmental tobacco smoke research;;;;;;;;;;;;;;;I, P (GAP301/12/1686);
344;5;Molecular phylogenetic characterization of Collyriclum faba with reference to its three host-specific ecotypes;;;;;;;;;;;;;;;I, P (GAP301/12/1686);
345;5;On the robustness of phylogenetic analyses: Can flatworm 18S rDNA hide between 18S rDNAs of a single mollusc genus?;;;;;;;;;;;;;;;I, P (GAP301/12/1686);
346;5;Phylogenetic data suggest the reclassification of Fasciola jacksoni (Digenea: Fasciolidae) as Fascioloides jacksoni comb. nov;;;;;;;;;;;;;;;I, P (GAP301/12/1686);
347;5;Protein phosphatases in the Parkinson?s disease;;;;;;;;;;;;;;;I, P (GAP301/12/1686);
348;5;"Reply to the comment by H.A. Pinto and A.L. de Melo on ""Taxonomic comments on South American species of Philophthalmus Loos, 1899 (Trematoda: Philophthalmidae)""";;;;;;;;;;;;;;;I;
349;5;Sandpits provide critical refuge for bees and wasps (Hymenoptera: Apocrita);;;;;;;;;;;;;;;I;
350;5;Should the Negativity for Islet Cell Autoantibodies Be Used in a Prescreening for Genetic Testing in Maturity-Onset Diabetes of the Young The Case of Autoimmunity-Associated Destruction of Pancreatic ?-Cells in a Family of HNF1A-MODY Subjects;;;;;;;;;;;;;;;I, P (GAP301/12/1686);
351;5;Supposedly uncited articles of Nobel laureates and Fields medalists can be prevalently attributed to the errors of omission and commission;;;;;;;;;;;;;;;I, P (GAP301/12/1686);
352;5;Two Trichosporon species isolated from Central-European mygalomorph spiders (Araneae: Mygalomorphae);;;;;;;;;;;;;;;I, P (GAP301/12/1686);
353;5;Dabrafenib: the New Inhibitor of Hyperactive B-RAF Kinase;;;;;;;;;;;;;;http://www.linkos.cz/casopis-klinicka-onkologie/hledani-clanku/skupina/a/zobrazit/ids/4086/;I, P (GAP301/12/1686);
354;5;Finding the smoking gun: Protein tyrosine phosphatases as tools and targets of unicellular microorganisms and viruses;;;;;;;;;;;;;;;I, P (GAP301/12/1686);
355;5;Flagship bird species habitat management supports the presence of ground-nesting aculeate hymenopterans;;;;;;;;;;;;;;;V;
356;5;Nesting habitat segregation between closely related terricolous sphecid species (Hymenoptera:Spheciformes): key role of soil physical characteristics;;;;;;;;;;;;;;;V;
357;5;Collyriclosis in Central European hirundines;;;;;;;;;;;;;;http://dx.doi.org/10.1007/s00436-011-2301-z;Z (MSM0021620814);
358;5;Mast Cells and Basophils: Trojan Horses of Conventional Lin- Stem/Progenitor Cell Isolates;;;;;;;;;;;;;;http://www.benthamdirect.org/pages/content.php?CPD/2011/00000017/00000034/0003B.SGM;Z (MSM0021620814);
359;5;Advances in Clinical Treatment of Malignant Melanoma: B-RAF Kinase Inhibition;;;;;;;;;;;;;;http://www.linkos.cz/files/klinicka-onkologie/164/3839.pdf;Z (MSM0021620814);
360;5;Sand pits and gravel-sand pits;;;;;;;;;;;;;;http://www.calla.cz/data/hl_stranka/ostatni/Sbornik_anglicky.pdf;P (GAP505/11/0256);
361;5;Sex-specific differences in Sand Martin Riparia riparia nest attentiveness;;;;;;;;;;;;;;http://dx.doi.org/10.1080/00063657.2010.535808;V;
362;5;Soil Penetrability, Effect on Animal Burrowing;;;;;;;;;;;;;;http://www.springer.com/life+sciences/agriculture/book/978-90-481-3584-4;S;
363;5;Stone quarries;;;;;;;;;;;;;;http://www.calla.cz/data/hl_stranka/ostatni/Sbornik_anglicky.pdf;N;
364;5;Supposed steep increase in publications on cruciate ligament and other topics;;;;;;;;;;;;;;http://dx.doi.org/10.1007/s00590-010-0722-5;Z (MSM0021620814);
365;5;Use of a new breeding habitat is associated with changes in frequency and species composition of Sand Martin (Riparia riparia) mixed colonies;;;;;;;;;;;;;;;V;
366;5;Indication of EGFR Kinase Inhibitors Should Be Refined;;;;;;;;;;;;;;http://www.prolekare.cz/klinicka-onkologie-clanek?id=35263;Z (MSM0021620814);
367;5;Down-regulation of Protein-tyrosine Phosphatases Activates an Immune Receptor in the Absence of Its Translocation into Lipid Rafts;;;;;;;;;;;;;;;P (KAN200520701);
368;5;Stone quarries;;;;;;;;;;;;;;;V;
369;5;Sand pits and gravel-sand pits;;;;;;;;;;;;;;;V;
370;5;Soil penetrability as a key factor affecting the nesting of burrowing birds;;;;;;;;;;;;;;;S;
371;5;Use of protein tyrosine phosphatase inhibitors as promising targeted therapeutic drugs;;;;;;;;;;;;;;;Z (MSM0021620814);
372;5;Vacuolin-1-modulated exocytosis and cell resealing in mast cells;;;;;;;;;;;;;;;Z (MSM0021620814);
373;5;Sand martin;;;;;;;;;;;;;;;S;
374;5;Molecular aspects of anaphylactic reactions;;;;;;;;;;;;;;;Z (MSM0021620814);
375;5;Nesting of the Sand Martin (Riparia riparia) in artificially created cavities;;;;;;;;;;;;;;;S;
376;5;Preformed STAT3 transducer complexes in human HepG2 cells and rat hepatocytes;;;;;;;;;;;;;;;P (1M0506), Z (MSM0021620814);
377;5;Regulation of Ca2+ Signaling in Mast Cells by Tyrosine-Phosphorylated and Unphosphorylated Non-T Cell Activation Linker;;;;;;;;;;;;;;;P (1M0506), P (LC545), Z (MSM0021620814);
378;5;Topography of signaling molecules as detected by electron microscopy on plasma membrane sheets isolated from non-adherent mast cells;;;;;;;;;;;;;;;P (1M0506), Z (MSM0021620814);
379;5;Overview of sand martin (Riparia riparia) localities in the Czech Republic;;;;;;;;;;;;;;;Z (AV0Z50520514), Z (AV0Z60930519);
380;5;Topography of plasma membrane microdomains and its consequences for mast cell signaling;;;;;;;;;;;;;;;Z (MSM0021620814);
381;5;Regulation of Cys-based protein tyrosine phosphatases via reactive oxygen and nitrogen species in mast cells and basophils;;;;;;;;;;;;;;;P (1M0506);
382;5;Involvement of filamentous actin in setting the threshold for degranulation in mast cells;;;;;;;;;;;;;;;P (IAA5052310), P (IAA7052006), Z (AV0Z5052915);
383;5;Negative regulation of mast cell signaling and function by the adaptor LAB/NTAL;;;;;;;;;;;;;;;P (IAA5052310), Z (AV0Z5052915);
384;5;Nonreceptor protein tyrosine and lipid phosphatases in type I Fcepsilon receptor-mediated activation of mast and basophils;;;;;;;;;;;;;;;P (IAA5052005), P (IAA7052006), Z (AV0Z5052915);
385;5;Nonreceptor protein tyrosine and lipid phosphatases in type I Fcepsilon receptor-mediated activation of mast cells and basophils;;;;;;;;;;;;;;;P (IAA5052005), P (IAA7052006), Z (AV0Z5052915);
386;6;Critical Realism Revisited: A Contribution to the Sociological  Theory of Subjectivity;;;;;;;;;;;;;P (GJ15-04099Y);;;
387;6;Ernest Gellner’s Habsburg Dilemma;;;;;;;;;;;;Neuveden;P (GJ15-04099Y);;;
388;6;People from the East: Ukrainians in the Czech lands since 1918;;;;;;;;;;;;neuveden;P (DG18P02OVV064);;;
389;6;The Issue of the Nation at the Beginning of Sociological Theory in Central Europe through the Lens of Ernest Gellner´s Concept of the Habsburg Dilemma: Contribution to Historical Sociology of Knowledge;;;;;;;;;;;;;P (GJ15-04099Y);;;
390;6;Classical sociology in Central Europe: Between the centre and the periphery;;;;;;;;;;;;Studijní texty, 70. svazek;P (GJ15-04099Y);H19;3;
391;6;Three traditions of rural sociology at the beginnings of sociology of selected Central European countries;;;;;;;;;;;;;O, P (GJ15-04099Y);;;
392;6;ROMA IN PICTURES: A Contribution to the Study on Social Representations of Roma in Czech Society;;;;;;;;;;;;Fakulta veřejných politik;S;H18;4;
393;6;Social Disadvantage: Challange for educational Sciences and Educators;;;;;;;;;;;;;I;;;
394;6;Sociological research of the city of Brno from 1947;;;;;;;;;;;;;P (GJ15-04099Y);;;
395;6;The Nation and the Nation State in the Mirror of Czech and Polish Sociological Journals in the Interwar Era;;;;;;;;;;;;;P (GJ15-04099Y);;;
396;6;The analysis of proper conditions for establishing of a social enterprise and for the implementation of the system of a permeable employment in the Broumov area.;;;;;;;;;;;;;V;;;
397;6;Quality of life in the region of Opava;;;;;TD020048V004;;Pro přístup k výsledku je možné použít libovolný webový prohlížeč, výstupem je veřejná HTML stránka. Mapový celek je zpracován v prostředí aplikace ArcGIS. Typ výstupu: elektronicky s odpovídající legendou a publikovaný na webové prezentaci projektu.;Výsledky výzkumů publikované ve výsledku TD020048V004 Kvalita života v regionu Opava (ucelený svazek souborného vydání jednotlivých specializovaných map s odborným obsahem) budou využívány pracovníky samosprávy včetně organizací poskytující sociální služby, které optimalizují řešení péče o cílovou skupinu v komunitním rámci. Mapa vizualizuje jednotlivé druhy a formy dobrovolnictví a filantropie v regionu Opava ve vazbě na výběr cílové skupiny. Spolupráce členů odborného týmu s praxí je jedním ze zásadních elementů pro zjištění disparit v sociální sféře, které se týkají obyvatelstva a kvality jeho života. Přínosy projektu jsou společenského charakteru.;;;C;;P (TD020048);;;
398;6;Romani : children, family, education;;;;;;;;;;;;;P (DF12P01OVV013);;;
399;6;To Extend the River Bed of the Main Educational Stream. Social Inclusion of Pupils and the Transformation of the Educational System in Krnov and Sokolov.;;;;;;;;;;;;;O;;;
400;6;Sociological analysis focused on describing and evaluating the effectiveness of the educational system in Krnov and  Sokolov. The final report of key activity 2.;;;;;;;;;;;;;O;;;
401;6;Application of artistic documentary photography in sociological research;16;3;EUR;CZ;;;;;;;;;S;;;
402;6;What Would We Know about Sociology If We Only Read Sociologický časopis and Sociológia? A Content Analysis of Two Journals of Sociology from the Velvet Revolution to the Present Day.;;;;;;;;;;;;;S;;;
403;6;Czech Sociology of Industrial Working Class until 1948;;;;;;;;;;;;;P (GA13-10279S);;;
404;6;History of Czech Sociology;;;;;;;;;;;;;I;;;
405;6;Opava throught the Eyes of its Inhabitants;;;;;;;;;;;;;V;;;
406;6;The Beginnings of Sociology in Central Europe. A Study on the Formation of Sociology as a Science in Poland, Czech Lands, Slovakia and Hungary.;;;;;;;;;;;;;V;;;
407;6;The Brno Social Study of 1947: Methods of Contemporary Historical-Sociological Analysis of Data on Industry Workers in the Advent of the Communist Coup;;;;;;;;;;;;;P (GA13-10279S);;;
408;6;The Issue of National Identity in the Work of Edvard Beneš;;;;;;;;;;;;;P (GA13-10279S);;;
409;6;Regional Political Elites in Moravian-Silesian Region and Silesian Voivodeship between 2000-2012;;;;;;;;;;;;;O;;;
410;6;Distribution of Social Inequalities under Patronage of State. Situation Analysis of Osoblaha Region and Possibilities of its Socio-Economic Development;;;;;;;;;;;;;I;;;
411;6;Comprehensive research report of a community conducted strategy for the development of the territory of MAS Rozvoj Krnovska 2014-2020 programming period;;;;;;;;;;;;;V;;;
412;6;The Institutionalisation of Sociology in Central Europe. A Comparative Study on the Formation of Sociological Institutions in Poland, the Czech Lands, Slovakia and Hungary in the First Half of the 20th Century;;;;;;;;;;;;;V;;;
413;6;The Brno versus the Prague School of Sociology: Myth and Reality;;;;;;;;;;;;;I;;;
414;6;The concept of (sub)cultural capital and self-reflexive methodology in the context of subcultural studies;;;;;;;;;;;;;N;;;
415;6;Origins of Sociological Theory in the Czech Lands. A Text Devoted to the Memory of Prof. M. Petrusek;;;;;;;;;;;;;N;;;
416;6;Dictionary of Czech Sociologists;;;;;;;;;;;;;I;;;
417;6;Jan Mertl: Truth defending collaborator who betrayed;;;;;;;;;;;;;N;;;
418;6;Opava throught the Eyes of its Inhabitants - 2012;;;;;;;;;;;;;V;;;
419;6;The Sociology of Anton Štefánek in the Context of Contemporary Sociological Journals;;;;;;;;;;;;;I;;;
420;6;The Authors and Thematic Structure of the Journal Sociální Problémy. A Contribution to Sociological Analysis of Czech Sociology.;;;;;;;;;;;;;N;;;
421;6;Authors and Themes in Sociologická revue. A Contribution to the Sociological Analysis of the History of Czech Sociology;;;;;;;;;;;;;Z (AV0Z70280505);;;
422;6;Micro-business in social services;;;;;;;;;;;;;V, P (HC 218/11);;;
423;6;Content analysis of the Sociology yearbook. A contribution to the history of Czech/Slovak sociology.;;;;;;;;;;;;;N;;;
424;6;Reflections of the classics on Czech and Polish society of the thirties of the twentieth century. (Based on Content analyse ?Przegląd socjologiczny? and ?Sociologická revue?;;;;;;;;;;;;;V;;;
425;6;Social Introspection Of I. A. Bláha and Wittgenstein?s? Argument Counter To Private Language. Anniversary Study On Introspection Approach In Social Sciences;;;;;;;;;;;;;N;;;
426;6;Bláha´s Arrangement od Durkheim´s Objektivism;;;EUR;;;;;;;;;;N;;;
427;6;Values and Evaluation in Sociology of Inocens Arnošt Bláha. A Study from the History fo Classical Czech Sociology.;;;;;;;;;;;;neuvedeno;N;;;
428;6;Urban and Film Sociology. Inocenc Arnošt Bláha and his Role in the Survey of Brno after Second World War.;;;;;;;;;;;;;V;;;
429;6;I. A. Bláha and the Beginnings of Czech Urban Sociology;;;;;;;;;;;;;V;;;
430;6;The Social Introspection of I. A. Blaha and Wittgenstein´s Argument against a Privat Language. Notes on the Introspective Approach in the Cocial Science.;;;;;;;;;;;;;V;;;
431;6;Social Science Versus Natural Science. The Opposition Between Nature and Culture in the Classical Dispute over the Method of Social Sciences and its Reminicences in Brno.;;;;;;;;;;;;;V;;;
432;7;“Die Assyriologie nicht weiter unberücksichtigt bleiben dürfte”: On the (Non-)Existence of Assyriology at the German University in Prague (1908–1945);I;;;;;;;;;;;;;;;
433;7;All the King's Adamindugas: Textual Images of Ur III Sovereigns As Managers of the Universe;WRD;P (GJ15-04166Y);;;;;;;;;;;;;;
434;7;Bibliography of Markham J. Geller;P (GJ15-04166Y);;;;;;;;;;;;;;;
435;7;BM 92518 and Old Babylonian Incantations for the “Belly”;P (GJ15-04166Y);H19;2;;;;;;;;;;;;;
436;7;Mesopotamian Medicine and Magic: Studies in Honor of Markham J. Geller;P (GJ15-04166Y);;;;;;;;;;;;;;;
437;7;Preface;P (GJ15-04166Y);;;;;;;;;;;;;;;
438;7;The bilingual Ur Lament tablet BM 67111: Corrections, additions, collations;V;;;;;;;;;;;;;;;
439;7;The Unknown Benno Landsberger: A Biographical Sketch of an Assyriological Altmeister's Development, Exile, and Personal Life;P (GJ15-04166Y);;;;;;;;;;;;;;;
440;7;A Sumerian and an Elamite Fragment of Cuneiform Royal Inscriptions;P (GJ15-04166Y);;;;;;;;;;;;;;;
441;7;Fermenting Vat, Childbirth and Dreckapotheke: A School Incantatory-Medical Tablet;V;H18;3;;;;;;;;;;;;;
442;7;News on the Ur Lament;P (GJ15-04166Y);;;;;;;;;;;;;;;
443;7;Concordance of K to P numbers (CDLI);V;;;;;;;;;;;;;;;
444;7;Cuneiform Texts in the Náprstek Museum Prague;P (GJ15-04166Y);H18;2;;;;;;;;;;;;;
445;7;Review of Cosmogony, Theogony and Anthropogeny in Sumerian Texts. By Jan J. W. Lisman. Alter Orient und Altes Testament 409. Münster: Ugarit-Verlag, 2013;P (GJ15-04166Y);;;;;;;;;;;;;;;
446;7;"From a ""pilgrimage site"" to an establishment which ""does not correspond to our people's feelings"": changes of the CPC attitude towards K. Gottwald's Mausoleum in the years of de-Stalinization";V;;;;;;;;;;;;;;;
447;7;Plates 1-6;V;;;;;;;;;;;;;;;
448;7;Tradition and Innovation in Šulgi's Concept of Divine Kingship;V;;;;;;;;;;;;;;;
449;7;So That the Appearance of Comrade Gottwald Be Preserved: The Method and Process of Embalming Klement Gottwald?s Body;V;;;;;;;;;;;;;;;
450;7;To Rebut All Fuss of Insolent Grapevine?: Portraits of the Staff of the Ministry of the Interior Division for the Protection of the Klement Gottwald Mausoleum;V;;;;;;;;;;;;;;;
451;7;Devices Which Have Never Been Produced in Czechoslovakia Before?: On the Technical Facilities of the Klement Gottwald Mausoleum;V;;;;;;;;;;;;;;;
452;7;"Devastated by a Cruel Blow´ versus ""Thank God, He´s Gone"": The Death of Klement Gottwald in the Eyes of the Czechoslovak Public";V;;;;;;;;;;;;;;;
453;7;They Are Responsible for the Overall Care for the Flawless State of Comrade KG?s Body?: The Handover of Klement Gottwald?s Embalmed Body to Czechoslovak Specialists;V;;;;;;;;;;;;;;;
454;7;Were Sumerian Royal Hymns Copied from Monuments?;V;;;;;;;;;;;;;;;
455;7;Some Remarks on the Larsa Court Poetry and Related Matters;V;;;;;;;;;;;;;;;
456;7;Šulgi Meets Stalin: Comparative Propaganda as a Tool of Mining the Šulgi Hymns for Historical Data;V;;;;;;;;;;;;;;;
457;7;Bibliography of Blahoslav Hruška;I;;;;;;;;;;;;;;;
458;8;Multivariate Tail Coefficients: Properties and Estimation;;;;;I, P (GA19-00015S);;;;;;;;;;;
459;8;A copula approach for dependence modeling in multivariate nonparametric time series;;;;;I, P (GJ15-04774Y), P (GJ18-01781Y);;;;;;;;;;;
460;8;Bacterial, archaeal and micro-eukaryotic communities characterize a disease-suppressive or conducive soil and a cultivar resistant or susceptible to common scab;;;;;I;;;;;;;;;;;
461;8;Rank-based inference tools for copula regression, with property and casualty insurance applications;;;;;I, P (GA19-00015S);;;;;;;;;;;
462;8;Succession of Microbial Decomposers Is Determined by Litter Type, but Site Conditions Drive Decomposition Rates;;;;;I;;;;;;;;;;;
463;8;A Short-Term Response of Soil Microbial Communities to Cadmium and Organic Substrate Amendment in Long-Term Contaminated Soil by Toxic Elements;;;;;I;;;;;;;;;;;
464;8;Nonparametric testing for no covariate effects in conditional copulas;;;;;I, P (GJ15-04774Y);;;;;;;;;;;
465;8;Score tests for covariate effects in conditional copulas;;;;;I, P (GJ15-04774Y);;;;;;;;;;;
466;8;Sequential analysis of soil factors related to common scab of potatoes;;;;;I;;;;;;;;;;;
467;8;The effect of peat and iron supplements on the severity of potato common scab and bacterial community in tuberosphere soil;;;;;I;;;;;;;;;;;
468;8;Integrated depth for functional data: statistical properties and consistency;;;;;I, S, P (GBP402/12/G097), P (GJ15-04774Y);;;;;;;;;;;
469;8;The structure of bacterial communities along two vertical profiles of a deep colluvial soil;;;;;I;;;;;;;;;;;
470;8;Bacterial diversity and abundance of a creek valley sites reflected soil pH and season;;;;;I;;;;;;;;;;;
471;8;Determination of Factors Associated with Natural Soil Suppressivity to Potato Common Scab;;;;;I, P (GPP201/11/P290);;;;;;;;;;;
472;8;Estimation of a Copula when a Covariate Affects only Marginal Distributions;;;;;I, P (GJ15-04774Y);;;;;;;;;;;
473;8;Integrated data depth for smooth functions and its application in supervised classification;;;;;I, P (GA14-07234S), P (GBP402/12/G097);;;;;;;;;;;
474;8;Partial and average copulas and association measures;;;;;I, P (GJ15-04774Y);;;;;;;;;;;
475;8;Phylogenetic relatedness determined between antibiotic resistance and 16S rRNA genes in actinobacteria;;;;;I;;;;;;;;;;;
476;8;Site, Year and Cultivar Effects on Relationships Between Periderm Nutrient Contents and Common Scab Severity;;;;;I;;;;;;;;;;;
477;8;The influence of soil organic carbon on interactions between microbial parameters and metal concentrations at a long-term contaminated site;;;;;I, P (GPP201/11/P290);;;;;;;;;;;
478;8;Preadjusted non-parametric estimation of a conditional distribution function;;;;;I, P (GPP201/11/P290);;;;;;;;;;;
479;8;A comparison of the Mantel test with a generalised distance covariance test;;;;;P (GBP402/12/G097), P (GPP201/11/P290);;;;;;;;;;;
480;8;Bootstrapping the conditional copula;;;;;P (GPP201/11/P290);;;;;;;;;;;
481;8;Development of Methods for Cross-Sectional HIV Incidence Estimation in a Large, Community Randomized Trial;;;;;N;;;;;;;;;;;
482;8;Testing for Homogeneity of Multivariate Dispersions Using Dissimilarity Measures;;;;;I, P (GPP201/11/P290);;;;;;;;;;;
483;8;ANOSIM test revisited;;;WRD;;I, P (GPP201/11/P290);;;;;;;;;;;
484;8;Estimating cross-sectional incidence from biological markers;;;WRD;;I;;;;;;;;;;;
485;8;Multivariate and functional covariates and conditional copulas;;;;;I, P (GPP201/11/P290);;;;;;;;;;;
486;8;Testing equality of correlation coefficients in two populations via permutation methods;;;;;I, P (GPP201/11/P290);;;;;;;;;;;
487;8;Actinobacterial community dominated by a distinct clade in acidic soil of a waterlogged deciduous forest;;;;;P (GPP201/11/P290), Z (MSM0021620839);;;;;;;;;;;
488;8;Conditional copulas, association measures and their applications;;;;;P (LC06024);;;;;;;;;;;
489;8;Environmental mycobacteria closely related to the pathogenic species evidenced in an acidic forest wetland;;;;;I;;;;;;;;;;;
490;8;Estimation of a Conditional Copula and Association Measures;;;;;Z (MSM0021620839);;;;;;;;;;;
491;8;Microbial Communities Show Parallels at Sites with Distinct Litter and Soil Characteristics;;;;;P (GPP201/11/P290), Z (MSM0021620839);;;;;;;;;;;
492;8;Estimator of the Pareto Index Based on Nonparametric Test;;;;;P (IAA101120801), P (LC06024), Z (MSM0021620839);;;;;;;;;;;
493;8;Positive quadrant dependence tests for copulas;;;;;Z (MSM0021620839);;;;;;;;;;;
494;8;Second-order asymptotic representation of M-estimators in a linear model;;;;;Z (MSM0021620839);;;;;;;;;;;
495;8;Uniform asymptotics for S- and MM-regression estimators;;;;;P (LC06024);;;;;;;;;;;
496;8;Implications of geomorphological research for recent and prehistoric avalanches and related hazards at Huascaran, Peru;;;;;P (LC06024);;;;;;;;;;;
497;8;Improved kernel estimation of copulas: weak convergence and goodness-of-fit testing;;;;;P (LC06024);;;;;;;;;;;
498;8;Bacterial communities of two contrasting soils reacted differently to lincomycin treatment;;;;;P (LC06024), Z (MSM0021620839);;;;;;;;;;;
499;8;Comparison of two types of confidence intervals based on Wilcoxon-type R-estimators;;;;;P (LC06024), Z (MSM0021620839);;;;;;;;;;;
500;8;Development of a 16S rRNA gene-based prototype microarray for the detection of selected actinomycetes genera;;;;;P (LC06024), Z (MSM0021620839);;;;;;;;;;;
501;8;DNA conformations and their sequence preferences;;;;;P (LC06024), Z (MSM0021620839);;;;;;;;;;;
502;8;Robust and Nonparametric Inference;63;37;WRD;CZ;P (GA201/05/2340);;;;;;;;;;;
503;8;An alternative method for constructing confidence intervals from M-estimates in linear models;;;WRD;;P (GD201/05/H007);;;;;;;;;;;
504;8;The behavior of locally most powerful tests;;;;;Z (MSM 113200008);;;;;;;;;;;
505;8;Transfer of genomics information to flow cytometry: expression of CD27 and CD44 discriminates subtypes of acute lymphoblastic leukemia;;;;;Z (MSM0021620839);;;;;;;;;;;
506;8;The test of full specification of the normal distribution;;;CST;;Z (MSM 113200008);;;;;;;;;;;
507;10;13q12.2 deletions in acute lymphoblastic leukemia lead to upregulation of FLT3 through enhancer hijacking;I;;;;;;;;;;;;;;;
508;10;Chromosome 21 gain is dispensable for transient myeloproliferative disorder driven by a novel GATA1 mutation;I, S, P (LO1604);;;;;;;;;;;;;;;
509;10;Identification of Fusion Gene Breakpoints is Feasible and Facilitates Accurate Sensitive Minimal Residual Disease Monitoring on Genomic Level in Patients With PML-RARA, CBFB-MYH11, and RUNX1-RUNX1T1;I, P (LO1604), P (LM2015091);;;;;;;;;;;;;;;
510;10;Metabolic profile of leukemia cells influences treatment efficacy of L-asparaginase;I;;;;;;;;;;;;;;;
511;10;Rapidly progressing acute myeloid leukemia with KAT6A-LEUTX fusion in a newborn;I;;;;;;;;;;;;;;;
512;10;Relapses and treatment-related events contributed equally to poor prognosis in children with ABL-class fusion positive B-cell acute lymphoblastic leukemia treated according to AIEOP-BFM protocols;I;;;;;;;;;;;;;;;
513;10;Repurposing anthelmintic agents to eradicate resistant leukemia;I;;;;;;;;;;;;;;;
514;10;CD371 cell surface expression: A unique feature of DUX4-rearranged acute lymphoblastic leukemia;P (NV15-28525A);;;;;;;;;;;;;;;
515;10;ERG deletions in childhood acute lymphoblastic leukemia with DUX4 rearrangements are mostly polyclonal, prognostically relevant and their detection rate strongly depends on screening method sensitivity;I, P (GJ15-06049Y);H20;2;;;;;;;;;;;;;
516;10;Genomic landscape of pediatric B-other acute lymphoblastic leukemia in a consecutive European cohort;I, P (GJ15-06049Y);H20;2;;;;;;;;;;;;;
517;10;Human MLL/KMT2A gene exhibits a second breakpoint cluster region for recurrent MLL-USP2 fusions;I;;;;;;;;;;;;;;;
518;10;Molecular Basis of Cisplatin Resistance in Testicular Germ Cell Tumors;P (LO1604);;;;;;;;;;;;;;;
519;10;Novel SAMD9 Mutation in a Patient With Immunodeficiency, Neutropenia, Impaired Anti-CMV Response, and Severe Gastrointestinal Involvement;I, P (GJ17-04941Y);;;;;;;;;;;;;;;
520;10;Gene aberrations in adult patients with Ph-negative ALL in the Czech Republic;I, P (LQ1601), P (TE02000058);;;;;;;;;;;;;;;
521;10;IKZF1(plus) Defines a New Minimal Residual Disease-Dependent Very-Poor Prognostic Profile in Pediatric B-Cell Precursor Acute Lymphoblastic Leukemia;I, P (GJ15-06049Y);;;;;;;;;;;;;;;
522;10;International cooperative study identifies treatment strategy in childhood ambiguous lineage leukemia;I, P (GBP302/12/G101);H19;1;;;;;;;;;;;;;
523;10;Low HOX gene expression in PML-RAR-positive leukemia results from suppressed histone demethylation;I, S;;;;;;;;;;;;;;;
524;10;New biological and genetic classification and therapeutically relevant categories in childhood B-cell precursor acute lymphoblastic leukemia;I, P (LO1604);;;;;;;;;;;;;;;
525;10;Relapsed acute lymphoblastic leukemia-specific mutations in NT5C2 cluster into hotspots driving intersubunit stimulation;I;;;;;;;;;;;;;;;
526;10;Testicular Cancer in Monozygotic Twin Brothers with Urticaria Pigmentosa;I;;;;;;;;;;;;;;;
527;10;Two novel fusion genes, AIF1L-ETV6 and ABL1-AIF1L, result together with ETV6-ABL1 from a single chromosomal rearrangement in acute lymphoblastic leukemia with prenatal origin;I, P (LO1604);;;;;;;;;;;;;;;
528;10;Acute lymphoblastic leukemia with aleukemic prodrome: preleukemic dynamics and possible mechanisms of immunosurveillance;I, P (LO1604);H19;2;;;;;;;;;;;;;
529;10;An activating mutation of GNB1 is associated with resistance to tyrosine kinase inhibitors in ETV6-ABL1-positive leukemia;I, S, P (GBP302/12/G101), P (GAP304/12/2214);;;;;;;;;;;;;;;
530;10;ETV6/RUNX1-like acute lymphoblastic leukemia: A novel B-cell precursor leukemia subtype associated with the CD27/CD44 immunophenotype;I, P (LO1604);;;;;;;;;;;;;;;
531;10;Immunophenotyping of leukemias in bone marrow, peripheral blood, effusion, and cerebrospinal fluid samples using flow cytometry [Gate: atypical cells];P (LO1604);H18;4;;;;;;;;;;;;;
532;10;Intragenic amplification of PAX5: a novel subgroup in B-cell precursor acute lymphoblastic leukemia?;I;;;;;;;;;;;;;;;
533;10;Monitoring of childhood ALL using BCR-ABL1 genomic breakpoints identifies a subgroup with CML-like biology;I, P (LO1604);H20;2;;;;;;;;;;;;;
534;10;Determination of CD34+ cells in bone marrow, peripheral blood, umbilical cord blood, and apheresis products using flow cytometry (ISHAGE) [Gate: CD34 ISHAGE];P (LO1604);H18;4;;;;;;;;;;;;;
535;10;Determination of lymphocyte subpopulations (CD3+, CD4+, CD8+, CD19+, CD16,56+) in peripheral blood using flow cytometry [Gate: lymphocytes];P (LO1604);H18;4;;;;;;;;;;;;;
536;10;Two Novel Variants Affecting CDKL5 Transcript Associated with Epileptic Encephalopathy;I, S;;;;;;;;;;;;;;;
537;10;Laboratory testing for the presence of minimal residual disease using DNA-based RQ-PCR for clonal rearrangements of Ig/TCR defined by PCR or massive parallel sequencing (NGS);P (LO1604), P (LO1604);H18;4;;;;;;;;;;;;;
538;10;Distinct bilineal leukemia immunophenotypes are not genetically determined;I, P (NV15-28525A), P (NV15-30626A);H19;2;;;;;;;;;;;;;
539;10;Heterozygous deletions at the ZEB1 locus verify haploinsufficiency as the mechanism of disease for posterior polymorphous corneal dystrophy type 3;I, P (GPP301/12/P591);;;;;;;;;;;;;;;
540;10;Characterization of leukemias with ETV6-ABL1 fusion;I, P (NT13170), P (NV15-30626A);;;;;;;;;;;;;;;
541;10;Implications of delayed bone marrow aspirations at the end of treatment induction for risk stratification and outcome in children with acute lymphoblastic leukaemia;I, P (GBP302/12/G101);;;;;;;;;;;;;;;
542;10;Intragenic ERG Deletions Do Not Explain the Biology of ERG-Related Acute Lymphoblastic Leukemia;I, P (GJ15-06049Y);;;;;;;;;;;;;;;
543;10;Loss of B cells and their precursors is the most constant feature of GATA-2 deficiency in childhood myelodysplastic syndrome;I, S, P (GBP302/12/G101);;;;;;;;;;;;;;;
544;10;Pharmacological inhibition of fatty-acid oxidation synergistically enhances the effect of L-asparaginase in childhood ALL cells;I, S, P (GBP302/12/G101);H20;1;;;;;;;;;;;;;
545;10;Slower early response to treatment and distinct expression profile of childhood high hyperdiploid acute lymphoblastic leukaemia with DNA index < 1.16;I, P (NT14350);;;;;;;;;;;;;;;
546;10;Aetiology of childhood ALL and AML, molecular genetics and minimal residual disease;I;;;;;;;;;;;;;;;
547;10;Genomics and drug profiling of fatal TCF3-HLF-positive acute lymphoblastic leukemia identifies recurrent mutation patterns and therapeutic options;I;;;;;;;;;;;;;;;
548;10;Refinement of IKZF1 status in pediatric Philadelphia-positive acute lymphoblastic leukemia;I;;;;;;;;;;;;;;;
549;10;Cytokines, growth, and environment factors in bone marrow plasma of acute lymphoblastic leukemia pediatric patients;P (NR9531);;;;;;;;;;;;;;;
550;10;ERG deletion is associated with CD2 and attenuates the negative impact of IKZF1 deletion in childhood acute lymphoblastic leukemia;I;;;;;;;;;;;;;;;
551;10;Frequent and sex-biased deletion of SLX4IP by illegitimate V(D)J-mediated recombination in childhood acute lymphoblastic leukemia;I;;;;;;;;;;;;;;;
552;10;Homeobox gene expression in acute myeloid leukemia is linked to typical underlying molecular aberrations;I;;;;;;;;;;;;;;;
553;10;IKZF1 status as a prognostic feature in BCR-ABL1-positive childhood ALL;I;;;;;;;;;;;;;;;
554;10;Three New PLP1 Splicing Mutations Demonstrate Pathogenic and Phenotypic Diversity of Pelizaeus-Merzbacher Disease;P (NT11521);;;;;;;;;;;;;;;
555;10;Low expression of asparagine synthetase in lymphoid blasts precludes its role in sensitivity to L-asparaginase;P (NT12429);;;;;;;;;;;;;;;
556;10;Revealing the role of TEL/AML1 for leukemic cell survival by RNAi-mediated silencing;Z (MZ0FNM2005);;;;;;;;;;;;;;;
557;10;TEL/AML1-Positive Patients Lacking TEL Exon 5 Resemble Canonical TEL/AML1 Cases;Z (MZ0FNM2005);;;;;;;;;;;;;;;
558;10;Acute Leukemias with ETV6/ABL1 (TEL/ABL) Fusion: Poor Prognosis and Prenatal Origin;P (NS10004), Z (MZ0FNM2005);;;;;;;;;;;;;;;
559;10;Hsa-mir-125b-2 is highly expressed in childhood ETV6/RUNX1 (TEL/AML1) leukemias and confers survival advantage to growth inhibitory signals independent of p53;Z (MZ0FNM2005);;;;;;;;;;;;;;;
560;10;Quantification of fusion transcript reveals a subgroup with distinct biological properties and predicts relapse in BCR/ABL-positive ALL: implications for residual disease monitoring;P (NS10004), Z (MSM0021620813), Z (MZ0FNM2005);;;;;;;;;;;;;;;
561;10;The identification of (ETV6)/RUNX1-regulated genes in lymphopoiesis using histone deacetylase inhibitors in ETV6/RUNX1-positive lymphoid leukemic cells;P (GP301/03/D189), P (NR8316), Z (MSM0021620813);;;;;;;;;;;;;;;
